Name_Of_Region,Number_Of_Attacks,Number_Of_Deaths,Average_Deaths
Central America,8036,28717,3.573544052
SE Asia,13068,16257,1.244031221
N America,3486,5017,1.439185313
S America,17612,29052,1.64955712
W Europe,15931,6643,0.416985751
SSA,17797,85020,4.777209642
MEA,50646,142214,2.808000632
E Asia,769,1154,1.500650195
EE,5050,7457,1.476633663
OC,298,152,0.510067114
S Asia,47174,112263,2.379764277
Central Asia,567,1035,1.825396825
